
DROP TABLE IF EXISTS MOVIE4415;
DROP TABLE IF EXISTS COLOURTYPE4415; 
DROP TABLE IF EXISTS RATING4415;

CREATE TABLE RATING4415 (
  RATINGCODE   NVARCHAR(2) 
, SHORTDESC    NVARCHAR(30) 
, LONGDESC     NVARCHAR(100) 
, CONSTRAINT PK_RATING4415 PRIMARY KEY  (RATINGCODE) 
);

CREATE TABLE COLOURTYPE4415 (
  COLOUR_CODE   NVARCHAR(1) 
, COLOURNAME   NVARCHAR(30) 
, CONSTRAINT PK_COLOURTYPE4415 PRIMARY KEY  (COLOUR_CODE) 
);

CREATE TABLE MOVIE4415 (
  MOVIENO      INT  
, TITLE        NVARCHAR(100) 
, RELYEAR      SMALLINT 
, RUNTIME      SMALLINT
, RATINGCODE   NVARCHAR(2) 
, COLOUR_CODE   NVARCHAR(1) 
, TMDB_SCORE   DECIMAL(3,1)
, TMDB_VOTES   DECIMAL
, TMDB_ID      NVARCHAR(12)
, CONSTRAINT PK_MOVIE4415 PRIMARY KEY(MOVIENO)
, CONSTRAINT FK_MOVIE4415_RATING4415 FOREIGN KEY (RATINGCODE) REFERENCES RATING4415
, CONSTRAINT FK_MOVIE4415_COLOURTYPE4415 FOREIGN KEY (COLOUR_CODE) REFERENCES COLOURTYPE4415
);

INSERT INTO COLOURTYPE4415(COLOUR_CODE, colourname) VALUES 
('B', 'Black & White MOVIE4415'),
('C', 'Colour MOVIE4415');


INSERT INTO RATING4415 (RATINGCODE, shortdesc, longdesc) VALUES 
('G', 'GENERAL','Suitable for all ages'),
('M', 'MATURE (15+)','Recommended for mature audiences 15 years and over'),
('MA', 'MATURE ACCOMPANIED (15+)','Persons under 15 years must be accompanied by a mature adult'),
('PG', 'PARENTAL GUIDANCE','Parental guidance recommended for persons under 15 years'),
('R', 'RESTRICTED (18+)','Restricted to mature adults 18 years and over');

INSERT INTO MOVIE4415 (MOVIENO, TITLE, RELYEAR, RUNTIME, RATINGCODE, COLOUR_CODE, TMDB_SCORE, TMDB_VOTES, TMDB_ID) VALUES 
(620,'Ghostbusters',1984,107,'PG','C',6.8,570,'tt0087332'),
(324668,'Jason Bourne',2016,123,'M','C',7.2,121,'tt4196776'),
(1572,'Die Hard: With a Vengeance',1995,131,'M','C',6.5,803,'tt0112864'),
(869,'Planet of the Apes',2001,119,'M','C',5.7,201,'tt0133152'),
(152532,'Dallas Buyers Club',2013,117,'MA','C',7.8,281,'tt0790636'),
(58595,'Snow White and the Huntsman',2012,127,'M','C',5.4,1076,'tt1735898'),
(10141,'Dirty Rotten Scoundrels',1988,110,'PG','C',7.1,18,'tt0095031'),
(62211,'Monsters University',2013,104,'G','C',7,1032,'tt1453405'),
(1637,'Speed',1994,116,'MA','C',6.3,302,'tt0111257'),
(209112,'Batman v Superman: Dawn of Justice',2016,151,'M','C',5.6,2822,'tt2975590'),
(8818,'Evita',1996,134,'PG','C',5.7,13,'tt0116250'),
(10648,'Magnum Force',1973,124,'MA','C',7.1,21,'tt0070355'),
(11300,'Something Wild',1986,113,'MA','C',6.4,4,'tt0091983'),
(3981,'What Women Want',2000,127,'M','C',5.8,188,'tt0207201'),
(65754,'The Girl with the Dragon Tattoo',2009,158,'MA','C',6.6,678,'tt1568346'),
(95,'Armageddon',1998,151,'M','C',6.2,760,'tt0120591'),
(8866,'The Truth About Cats & Dogs',1996,93,'M','C',6.4,8,'tt0117979'),
(674,'Harry Potter and the Goblet of Fire',2005,157,'M','C',6.7,1644,'tt0330373'),
(11003,'The Wedding Singer',1998,95,'M','C',6.4,116,'tt0120888'),
(1930,'The Amazing Spider-Man',2012,136,'M','C',6.2,2987,'tt0948470'),
(1422,'The Departed',2006,151,'MA','C',7.3,1124,'tt0407887'),
(261860,'Dior and I',2015,90,'M','C',7.2,28,'tt3539664'),
(120467,'The Grand Budapest Hotel',2014,99,'MA','C',8.1,746,'tt2278388'),
(85350,'Boyhood',2014,165,'MA','C',7.9,510,'tt1065073'),
(903,'Cool Hand Luke',1967,126,'M','C',7,51,'tt0061512'),
(293660,'Deadpool',2016,108,'MA','C',7.1,4387,'tt1431045'),
(22,'Pirates of the Caribbean: The Curse of the Black Pearl',2003,143,'M','C',6.9,2114,'tt0325980'),
(712,'Four Weddings and a Funeral',1994,117,'M','C',6.1,55,'tt0109831'),
(102382,'The Amazing Spider-Man 2',2014,142,'M','C',7.1,464,'tt1872181'),
(2567,'The Aviator',2004,170,'M','C',6.2,205,'tt0338751'),
(45772,'Gnomeo & Juliet',2011,84,'G','C',6,110,'tt0377981'),
(816,'Austin Powers: International Man of Mystery',1997,94,'M','C',6.3,201,'tt0118655'),
(11287,'A League of Their Own',1992,128,'PG','C',6.4,55,'tt0104694'),
(24,'Kill Bill: Vol. 1',2003,111,'MA','C',6.9,1021,'tt0266697'),
(11631,'Mamma Mia!',2008,108,'M','C',5.9,211,'tt0795421'),
(773,'Little Miss Sunshine',2006,102,'MA','C',6.8,270,'tt0449059'),
(11584,'Roxanne',1987,107,'PG','C',7.1,12,'tt0093886'),
(121,'The Lord of the Rings: The Two Towers',2002,179,'M','C',7.4,2877,'tt0167261'),
(91314,'Transformers: Age of Extinction',2014,165,'PG','C',6.7,343,'tt2109248'),
(557,'Spider-Man',2002,121,'M','C',6.2,1500,'tt0145487'),
(37799,'The Social Network',2010,120,'M','C',6.8,832,'tt1285016'),
(82693,'Silver Linings Playbook',2012,122,'MA','C',6.7,1603,'tt1045658'),
(414,'Batman Forever',1995,121,'M','C',5.3,341,'tt0112462'),
(114,'Pretty Woman',1990,119,'MA','C',6.4,303,'tt0100405'),
(509,'Notting Hill',1999,124,'M','C',6.3,162,'tt0125439'),
(50646,'Crazy, Stupid, Love.',2011,118,'M','C',6.6,548,'tt1570728'),
(50544,'Friends With Benefits',2011,109,'M','C',6,409,'tt1632708'),
(24428,'The Avengers',2012,143,'M','C',7.1,5995,'tt0848228'),
(9398,'Zoolander',2001,89,'M','C',5.9,151,'tt0196229'),
(163,'Ocean''s Twelve',2004,125,'M','C',6.3,587,'tt0349903'),
(7350,'The Bucket List',2007,97,'M','C',6.6,233,'tt0825232'),
(10764,'Quantam of Solace',2008,106,'M','C',6,531,'tt0830515'),
(153,'Lost in Translation',2003,102,'MA','C',7,369,'tt0335266'),
(59436,'Midnight in Paris',2011,94,'M','C',7.7,410,'tt1605783'),
(164,'Breakfast at Tiffany''s',1961,110,'PG','C',6.8,162,'tt0054698'),
(58574,'Sherlock Holmes: A Game of Shadows',2011,129,'M','C',6.7,1361,'tt1515091'),
(2022,'Mr. Deeds',2002,96,'M','C',6,127,'tt0280590'),
(804,'Roman Holiday',1953,118,'PG','B',7.8,56,'tt0046250'),
(16614,'Adventureland',2009,107,'M','C',6.2,104,'tt1091722'),
(19908,'Zombieland',2009,88,'MA','C',7,878,'tt1156398'),
(310,'Bruce Almighty',2003,101,'M','C',6,663,'tt0315327'),
(10193,'Toy Story 3',2010,103,'G','C',7.2,1603,'tt0435761'),
(607,'Men in Black',1997,98,'M','C',6.5,1425,'tt0119654'),
(381,'To Catch a Thief',1955,106,'M','C',7.4,30,'tt0048728'),
(241259,'Alice Through the Looking Glass',2016,118,'PG','C',6.6,283,'tt2567026'),
(37247,'The Graduate',1967,106,'PG','C',6.6,107,'tt0061722'),
(817,'Austin Powers: The Spy Who Shagged Me',1999,95,'M','C',5.9,186,'tt0145660'),
(787,'Mr. & Mrs. Smith',2005,120,'M','C',6.3,524,'tt0356910'),
(1726,'Iron Man',2008,126,'M','C',7,3791,'tt0371746'),
(10330,'Freaky Friday',2003,97,'PG','C',5.7,97,'tt0322330'),
(37724,'Skyfall',2012,143,'M','C',6.5,3941,'tt1074638'),
(568,'Apollo 13',1995,140,'PG','C',6.6,375,'tt0112384'),
(271110,'Captain America: Civil War',2016,146,'M','C',6.9,2301,'tt3498820'),
(287,'Bull Durham',1988,108,'MA','C',7,22,'tt0094812'),
(77,'Memento',2000,113,'MA','C',7.4,788,'tt0209144'),
(12445,'Harry Potter and the Deathly Hallows: Part 2',2011,130,'M','C',7.2,1869,'tt1201607'),
(9277,'The Sting',1973,129,'PG','C',7.5,82,'tt0070735'),
(257211,'The Intern',2015,121,'M','C',7.1,975,'tt2361509'),
(1574,'Chicago',2002,113,'M','C',6,118,'tt0299658'),
(137,'Groundhog Day',1993,101,'PG','C',6.8,396,'tt0107048'),
(100402,'Captain America: The Winter Soldier',2014,128,'M','C',7.7,552,'tt1843866'),
(43074,'Ghostbusters',2016,116,'PG','C',5.3,147,'tt1289401'),
(629,'The Usual Suspects',1995,106,'MA','C',7.7,726,'tt0114814'),
(6037,'Murder by Death',1976,94,'PG','C',8.1,23,'tt0074937'),
(818,'Austin Powers in Goldmember',2002,94,'M','C',6.1,202,'tt0295178'),
(4995,'Boogie Nights',1997,155,'MA','C',6.8,103,'tt0118749'),
(559,'Spider-Man 3',2007,139,'M','C',5.6,898,'tt0413300'),
(74643,'The Artist',2011,100,'M','B',7.1,222,'tt1655442'),
(539,'Psycho',1960,109,'MA','B',7.2,309,'tt0054215'),
(714,'Tomorrow Never Dies',1997,119,'M','C',5.8,235,'tt0120347'),
(424,'Schindler''s List',1993,195,'MA','B',7.6,1128,'tt0108052'),
(68721,'Iron Man 3',2013,130,'M','C',6.8,4681,'tt1300854'),
(403,'Driving Miss Daisy',1989,99,'PG','C',7.2,41,'tt0097239'),
(127585,'X-Men: Days of Future Past',2014,131,'M','C',7.9,592,'tt1877832'),
(9471,'Charlie''s Angels: Full Throttle',2003,106,'PG','C',5.6,169,'tt0305357'),
(745,'The Sixth Sense',1999,107,'M','C',7.1,754,'tt0167404'),
(675,'Harry Potter and the Order of the Phoenix',2007,138,'M','C',6.7,1613,'tt0373889'),
(10537,'The Doors',1991,140,'MA','C',6.9,32,'tt0101761'),
(80278,'The Impossible',2012,113,'M','C',6.6,484,'tt1649419'),
(862,'Toy Story',1995,81,'G','C',7.2,1696,'tt0114709'),
(268,'Batman',1989,126,'M','C',6.5,488,'tt0096895'),
(4327,'Charlie''s Angels',2000,98,'PG','C',5.3,200,'tt0160127'),
(43347,'Love & Other Drugs',2010,112,'MA','C',6.2,172,'tt0758752'),
(49040,'The Bourne Legacy',2012,120,'M','C',5.8,1361,'tt1194173'),
(243,'High Fidelity',2000,113,'MA','C',6.7,119,'tt0146882'),
(44147,'Wild Target',2010,98,'M','C',6.5,22,'tt1235189'),
(2067,'Mission to Mars',2000,114,'PG','C',6.2,43,'tt0183523'),
(36657,'X-Men',2000,104,'M','C',6.5,1693,'tt0120903'),
(22538,'Scott Pilgrim vs. the World',2010,112,'M','C',7,513,'tt0446029'),
(597,'Titanic',1997,194,'M','C',6.8,2414,'tt0120338'),
(9928,'Robots',2005,91,'PG','C',5.8,288,'tt0358082'),
(10710,'Envy',2004,99,'PG','C',6.1,15,'tt0326856'),
(68718,'Django Unchained',2012,165,'MA','C',7.3,4393,'tt1853728'),
(8952,'I Love You Phillip Morris',2009,98,'MA','C',6.1,75,'tt1045772'),
(861,'Total Recall',1990,113,'MA','C',6.6,360,'tt0100802'),
(16084,'Freaky Friday',1976,95,'G','C',7.2,13,'tt0076054'),
(881,'A Few Good Men',1992,138,'M','C',6.7,190,'tt0104257'),
(7131,'Van Helsing',2004,131,'M','C',5.8,327,'tt0338526'),
(1552,'Parenthood',1989,124,'M','C',6.9,21,'tt0098067'),
(4638,'Hot Fuzz',2007,121,'MA','C',6.8,478,'tt0425112'),
(68734,'Argo',2012,120,'M','C',6.7,1473,'tt1024648'),
(10137,'Stuart Little',1999,84,'PG','C',5.6,141,'tt0164912'),
(1493,'Miss Congeniality',2000,109,'M','C',6,169,'tt0212346'),
(1571,'Live Free or Die Hard',2007,128,'M','C',6.3,816,'tt0337978'),
(8699,'Anchorman: The Legend of Ron Burgundy',2004,94,'M','C',6.6,312,'tt0357413'),
(2157,'Lost in Space',1998,130,'PG','C',5.2,53,'tt0120738'),
(604,'The Matrix Reloaded',2003,138,'MA','C',6.5,1317,'tt0234215'),
(211672,'Minions',2015,91,'PG','C',6.6,263,'tt2293640'),
(155,'The Dark Knight',2008,152,'M','C',7.7,4843,'tt0468569'),
(101299,'The Hunger Games: Catching Fire',2013,146,'M','C',7.7,890,'tt1951264'),
(245,'About a Boy',2002,101,'M','C',6.3,89,'tt0276751'),
(242582,'Nightcrawler',2014,117,'MA','C',7.7,583,'tt2872718'),
(544,'There''s Something About Mary',1998,119,'MA','C',6.3,223,'tt0129387'),
(7446,'Tropic Thunder',2008,107,'MA','C',6.2,273,'tt0942385'),
(11665,'Get Smart',2008,110,'PG','C',5.8,228,'tt0425061'),
(744,'Top Gun',1986,110,'PG','C',6.3,446,'tt0092099'),
(9472,'DodgeBall: A True Underdog Story',2004,92,'PG','C',6.4,182,'tt0364725'),
(1771,'Captain America: The First Avenger',2011,124,'M','C',6.2,2815,'tt0458339'),
(9778,'Serendipity',2001,90,'M','C',6.4,105,'tt0240890'),
(54138,'Star Trek Into Darkness',2013,132,'M','C',7.5,1898,'tt1408101'),
(807,'Se7en',1995,127,'MA','C',7.5,1557,'tt0114369'),
(11132,'Confessions of a Teenage Drama Queen',2004,89,'PG','C',4.7,19,'tt0361467'),
(49051,'The Hobbit: An Unexpected Journey',2012,169,'M','C',6.6,4257,'tt0903624'),
(2698,'Evan Almighty',2007,96,'PG','C',5.4,185,'tt0413099'),
(747,'Shaun of the Dead',2004,99,'MA','C',7,377,'tt0365748'),
(9502,'Kung Fu Panda',2008,90,'PG','C',6.5,945,'tt0441773'),
(314,'Catwoman',2004,104,'PG','C',4.9,107,'tt0327554'),
(74465,'We Bought a Zoo',2011,124,'PG','C',6.2,179,'tt1389137'),
(585,'Monsters, Inc.',2001,92,'G','C',7,2371,'tt0198781'),
(56292,'Mission: Impossible - Ghost Protocol',2011,133,'M','C',6.4,1788,'tt1229238'),
(863,'Toy Story 2',1999,92,'G','C',6.7,945,'tt0120363'),
(70,'Million Dollar Baby',2004,132,'M','C',7,371,'tt0405159'),
(1584,'School of Rock',2003,108,'M','C',6.1,279,'tt0332379'),
(19995,'Avatar',2009,162,'M','C',6.9,5601,'tt0499549'),
(118,'Charlie and the Chocolate Factory',2005,115,'PG','C',6,426,'tt0367594'),
(109445,'Frozen',2013,102,'G','C',7.7,799,'tt2294629'),
(31052,'The Accidental Tourist',1988,121,'PG','C',5.9,4,'tt0094606'),
(152760,'The Monuments Men',2014,118,'M','C',6.2,199,'tt2177771'),
(2501,'The Bourne Identity',2002,119,'M','C',7,1518,'tt0258463'),
(36669,'Die Another Day',2002,133,'M','C',5.7,283,'tt0246460'),
(131634,'The Hunger Games: Mockingjay - Part 2',2015,136,'M','C',6.6,1914,'tt1951266'),
(1895,'Star Wars: Episode III - Revenge of the Sith',2005,140,'M','C',6.7,1127,'tt0121766'),
(236,'Muriel''s Wedding',1994,106,'MA','C',7,15,'tt0110598'),
(27205,'Inception',2010,148,'M','C',7.5,5754,'tt1375666'),
(298,'Ocean''s Thirteen',2007,122,'M','C',6.3,680,'tt0496806'),
(127380,'Finding Dory',2016,103,'G','C',6.5,593,'tt2277860'),
(564,'The Mummy',1999,124,'M','C',6,783,'tt0120616'),
(676,'Pearl Harbor',2001,183,'M','C',6,315,'tt0213149'),
(80035,'The Watch',2012,98,'MA','C',5.1,227,'tt1298649'),
(1573,'Die Hard 2',1990,124,'M','C',6.3,699,'tt0099423'),
(824,'Moulin Rouge!',2001,127,'M','C',6.8,208,'tt0203009'),
(489,'Good Will Hunting',1997,126,'M','C',7.1,470,'tt0119217'),
(603,'The Matrix',1999,136,'MA','C',7.5,3773,'tt0133093'),
(329833,'Zoolander 2',2016,100,'M','C',4.7,337,'tt1608290'),
(4808,'Charade',1963,113,'M','C',7.5,69,'tt0056923'),
(21332,'Quicksilver',1986,115,'PG','C',6.1,111,'tt0091814'),
(651,'MASH',1970,116,'M','C',7.5,35,'tt0066026'),
(9522,'Wedding Crashers',2005,119,'MA','C',6.2,228,'tt0396269'),
(254,'King Kong',2005,187,'M','C',6.2,418,'tt0360717'),
(299,'Ocean''s Eleven',1960,127,'PG','C',6.1,20,'tt0054135'),
(1824,'50 First Dates',2004,99,'M','C',6.4,455,'tt0343660'),
(671,'Harry Potter and the Philosopher''s Stone',2001,152,'PG','C',6.7,2191,'tt0241527'),
(34544,'The A-Team',2010,117,'PG','C',6.2,545,'tt0429493'),
(36685,'The Rocky Horror Picture Show',1975,100,'MA','C',6.3,72,'tt0073629'),
(27578,'The Expendables',2010,103,'MA','C',5.8,1213,'tt1320253'),
(82695,'Les Miserables',2012,157,'M','C',6.8,612,'tt1707386'),
(131631,'The Hunger Games: Mockingjay - Part 1',2014,123,'M','C',6.7,2019,'tt1951265'),
(86834,'Noah',2014,139,'PG','C',5.9,313,'tt1959490'),
(157336,'Interstellar',2014,169,'M','C',8.6,1453,'tt0816692'),
(12157,'Green Card',1990,108,'PG','C',5.9,10,'tt0099699'),
(10536,'The Italian Job',1969,99,'M','C',7.8,36,'tt0064505'),
(274,'The Silence of the Lambs',1991,118,'MA','C',7.4,1002,'tt0102926'),
(278,'The Shawshank Redemption',1994,142,'MA','C',8,3306,'tt0111161'),
(9880,'The Princess Diaries',2001,115,'G','C',5.6,118,'tt0247638'),
(1621,'Trading Places',1983,116,'MA','C',6.8,70,'tt0086465'),
(11520,'Grumpy Old Men',1993,103,'PG','C',6.5,26,'tt0107050'),
(272,'Batman Begins',2005,140,'M','C',7.1,2622,'tt0372784'),
(9384,'Starsky & Hutch',2004,101,'M','C',5.8,97,'tt0335438'),
(7326,'Juno',2007,96,'M','C',6.5,439,'tt0467406'),
(871,'Planet of the Apes',1968,112,'M','C',6.8,149,'tt0063442'),
(672,'Harry Potter and the Chamber of Secrets',2002,161,'PG','C',6.7,1628,'tt0295297'),
(9836,'Happy Feet',2006,108,'G','C',5.6,362,'tt0366548'),
(508,'Love Actually',2003,135,'MA','C',6.7,465,'tt0314331'),
(7980,'The Lovely Bones',2009,135,'M','C',6.2,150,'tt0380510'),
(87827,'Life Of Pi',2012,127,'PG','C',7.8,231,'tt0454876'),
(8966,'Twilight',2008,122,'M','C',5.5,850,'tt1099212'),
(114150,'Pitch Perfect',2012,112,'M','C',6.7,462,'tt1981677'),
(7552,'Fun With Dick and Jane',2005,90,'PG','C',6.2,115,'tt0369441'),
(11808,'US Marshals',1998,131,'M','C',6.2,235,'tt0120873'),
(11199,'Wild Hogs',2007,100,'M','C',5.8,85,'tt0486946'),
(393,'Kill Bill: Vol. 2',2004,136,'MA','C',7,750,'tt0378194'),
(72105,'Ted',2012,106,'MA','C',6.2,1554,'tt1637725'),
(142,'Brokeback Mountain',2005,134,'MA','C',6.5,204,'tt0388795'),
(162,'Edward Scissorhands',1990,105,'PG','C',6.7,492,'tt0099487'),
(562,'Die Hard',1988,131,'M','C',6.9,1692,'tt0095016'),
(558,'Spider-Man 2',2004,127,'M','C',6.1,1315,'tt0316654'),
(32856,'Valentine''s Day',2010,125,'M','C',5.4,175,'tt0817230'),
(49521,'Man of Steel',2013,143,'M','C',6.6,2637,'tt0770828'),
(1633,'Fried Green Tomatoes',1991,130,'PG','C',6.9,30,'tt0101921'),
(68728,'Oz: The Great and Powerful',2013,130,'PG','C',5.5,2102,'tt1623205'),
(1819,'You, Me and Dupree',2006,108,'M','C',5.4,49,'tt0463034'),
(8963,'Crimson Tide',1995,116,'M','C',6.7,100,'tt0112740'),
(39513,'Paul',2011,104,'MA','C',6.4,338,'tt1092026'),
(10688,'Hamlet',2000,112,'M','C',6,1,'tt0171359'),
(45243,'The Hangover Part II',2011,102,'MA','C',5.8,1513,'tt1411697'),
(122,'The Lord of the Rings: The Return of the King',2003,201,'M','C',7.5,3307,'tt0167260'),
(17696,'Robin and the 7 Hoods',1964,123,'PG','C',7.2,3,'tt0058529'),
(10316,'The Ides of March',2011,101,'MA','C',6.1,191,'tt1124035'),
(355008,'Special Correspondents',2016,100,'M','C',5.6,56,'tt4181052'),
(11356,'The Odd Couple',1968,106,'M','C',7.9,6,'tt0063374'),
(475,'Bonnie and Clyde',1967,111,'MA','C',7.5,37,'tt0061418'),
(11450,'Quiz Show',1994,133,'M','C',6.5,134,'tt1100932'),
(4944,'Burn After Reading',2008,96,'MA','C',6.3,226,'tt0887883'),
(415,'Batman & Robin',1997,125,'M','C',4.8,272,'tt0118688'),
(790,'The Fog',1980,89,'MA','C',6.6,27,'tt0080749'),
(161,'Ocean''s Eleven',2001,116,'M','C',6.8,1606,'tt0240772'),
(10625,'Mean Girls',2004,97,'M','C',6.6,245,'tt0377092'),
(10364,'Catch-22',1970,121,'M','C',7.4,8,'tt0065528'),
(271718,'Trainwreck',2015,125,'M','C',6.1,721,'tt3152624'),
(9481,'The Bone Collector',1999,118,'MA','C',6.2,111,'tt0145681'),
(1541,'Thelma & Louise',1991,130,'MA','C',6.8,98,'tt0103074'),
(2034,'Training Day',2001,122,'MA','C',6.7,317,'tt0139654'),
(212778,'Chef',2014,115,'M','C',7.6,31,'tt2883512'),
(550,'Fight Club',1999,139,'MA','C',7.7,2940,'tt0137523'),
(2616,'Uncle Buck',1989,100,'PG','C',6.6,421,'tt0098554'),
(10776,'Little Shop of Horrors',1986,94,'M','C',5.9,50,'tt0091419'),
(767,'Harry Potter and the Half-Blood Prince',2009,153,'M','C',6.8,1499,'tt0417741'),
(290250,'The Nice Guys',2016,116,'M','C',6.9,322,'tt3799694'),
(316023,'Mike & Dave Need Wedding Dates',2016,98,'M','C',5.7,31,'tt2823054'),
(277,'Underworld',2003,121,'MA','C',6.8,377,'tt0320691'),
(120,'The Lord of the Rings: The Fellowship of the Ring',2001,178,'M','C',7.4,3515,'tt0120737'),
(206647,'Spectre',2015,148,'M','C',6.2,2844,'tt2379713'),
(1858,'Transformers',2007,144,'M','C',6.6,1423,'tt0418279'),
(680,'Pulp Fiction',1994,154,'MA','C',7.6,2682,'tt0110912'),
(226486,'Tammy',2014,97,'M','C',4.9,32,'tt2103254'),
(187,'Sin City',2005,124,'MA','B',6.8,640,'tt0401792'),
(22970,'The Cabin in the Woods',2012,95,'MA','C',6.3,570,'tt1259521'),
(673,'Harry Potter and the Prisoner of Azkaban',2004,141,'PG','C',6.8,1526,'tt0304141'),
(70160,'The Hunger Games',2012,142,'M','C',6.3,4508,'tt1392170'),
(12096,'The Pink Panther',2006,93,'PG','C',5.7,69,'tt0383216'),
(168672,'American Hustle',2013,138,'M','C',7.1,460,'tt1800241'),
(1593,'Night at the Museum',2006,108,'PG','C',5.8,400,'tt0477347'),
(421,'The Life Aquatic With Steve Zissou',2004,119,'MA','C',7,133,'tt0362270'),
(9676,'The Black Dahlia',2006,121,'MA','C',6.1,36,'tt0387877'),
(62213,'Dark Shadows',2012,113,'M','C',5.5,582,'tt1077368'),
(11774,'Lemony Snicket''s A Series of Unfortunate Events',2004,108,'PG','C',6.2,176,'tt0339291'),
(49026,'The Dark Knight Rises',2012,165,'M','C',7.2,4243,'tt1345836'),
(605,'The Matrix Revolutions',2003,129,'MA','C',6.3,1183,'tt0242653'),
(9377,'Ferris Bueller''s Day Off',1986,103,'PG','C',6.7,316,'tt0091042'),
(72190,'World War Z',2013,116,'M','C',6.8,1498,'tt0816711'),
(62838,'New Year''s Eve',2011,118,'M','C',5.5,115,'tt1598822'),
(2759,'The Adventures of Priscilla, Queen of the Desert',1994,104,'MA','C',7,18,'tt0109045'),
(78,'Blade Runner',1982,117,'MA','C',7.5,986,'tt0083658'),
(76492,'Hotel Transylvania',2012,91,'PG','C',6.5,761,'tt0837562'),
(4599,'Raising Helen',2004,119,'M','C',6.3,17,'tt0350028'),
(10549,'Hamlet',1996,242,'M','C',6.8,15,'tt0116477'),
(634,'Bridget Jones''s Diary',2001,97,'MA','C',6.2,157,'tt0243155'),
(10528,'Sherlock Holmes',2009,128,'M','C',6.7,2315,'tt0988045'),
(18785,'The Hangover',2009,100,'MA','C',6.8,2173,'tt1119646'),
(141,'Donnie Darko',2001,113,'MA','C',7.3,542,'tt0246578'),
(11967,'Young Guns',1988,107,'MA','C',6.5,202,'tt0096487'),
(9722,'Bewitched',2005,102,'M','C',5.1,56,'tt0374536'),
(58233,'Johnny English Reborn',2011,101,'PG','C',6.1,298,'tt1634122'),
(8467,'Dumb and Dumber',1994,107,'PG','C',6.4,211,'tt0109686'),
(9654,'The Italian Job',2003,111,'M','C',6.3,610,'tt0317740'),
(10195,'Thor',2011,115,'M','C',6.3,2533,'tt0800369'),
(64635,'Total Recall',2012,121,'M','C',5.7,1089,'tt1386703'),
(350,'The Devil Wears Prada',2006,109,'M','C',6.4,354,'tt0458352'),
(23082,'The Invention of Lying',2009,100,'M','C',5.9,92,'tt1058017'),
(788,'Mrs. Doubtfire',1993,125,'M','C',6.3,146,'tt0107614'),
(203801,'The Man from U.N.C.L.E.',2015,116,'M','C',7,1267,'tt1638355'),
(77866,'Contraband',2012,109,'MA','C',6,285,'tt1524137'),
(76338,'Thor: The Dark World',2013,112,'M','C',7.1,818,'tt1981115'),
(12560,'The Big Chill',1983,105,'M','C',8.4,14,'tt0085244'),
(57201,'The Lone Ranger',2013,149,'M','C',6.1,610,'tt1210819'),
(12444,'Harry Potter and the Deathly Hallows: Part 1',2010,146,'M','C',6.9,1675,'tt0926084'),
(10138,'Iron Man 2',2010,124,'M','C',6.5,3033,'tt1228705'),
(83542,'Cloud Atlas',2012,172,'MA','C',6.3,1204,'tt1371111'),
(534,'Terminator Salvation',2009,115,'M','C',5.8,782,'tt0438488'),
(6957,'The 40 Year Old Virgin',2005,116,'MA','C',6.1,361,'tt0405422'),
(76163,'The Expendables 2',2012,103,'MA','C',5.9,1398,'tt1764651'),
(9486,'Johnny English',2003,88,'PG','C',6,149,'tt0274166'),
(83686,'The Words',2012,96,'PG','C',6.1,55,'tt1840417'),
(2289,'Cold Mountain',2003,154,'MA','C',6.3,93,'tt0159365'),
(9899,'The Producers',2005,134,'M','C',6.5,18,'tt0395251'),
(9824,'Mystery Men',1999,121,'PG','C',5.9,28,'tt0132347'),
(10264,'Hamlet',1990,130,'PG','C',5.8,9,'tt0099726'),
(49047,'Gravity',2013,91,'PG','C',7.9,1083,'tt1454468'),
(5503,'The Fugitive',1993,130,'M','C',6.7,292,'tt0106977'),
(642,'Butch Cassidy and the Sundance Kid',1969,110,'PG','C',6.4,180,'tt0064115'),
(1635,'The Island',2005,136,'M','C',6.3,328,'tt0399201'),
(23629,'Sucker Punch',2011,110,'MA','C',5.9,379,'tt0978764'),
(37233,'The Firm',1993,154,'MA','C',6.7,58,'tt0106918'),
(136795,'The Heat',2013,117,'MA','C',6.7,450,'tt2404463'),
(9798,'Enemy of the State',1998,132,'M','C',6.3,423,'tt0120660'),
(44214,'Black Swan',2010,108,'MA','C',6.5,996,'tt0947798'),
(275,'Fargo',1996,98,'MA','C',7.2,310,'tt0116282'),
(286217,'The Martian',2015,141,'M','C',7.6,3717,'tt3659388');
